City_ID,City,Lat,Lng,Max Temp,Humidity,Cloudiness,Wind Speed,Country,Date
0,uzgen,40.7699,73.3007,277.31,37,27,1.78,KG,1697419503
1,raduzhny,62.0961,77.475,274.66,94,100,3.25,RU,1697419504
2,grytviken,-54.2811,-36.5092,273.49,88,100,4.7,GS,1697419504
3,ushuaia,-54.8,-68.3,277.96,70,40,6.69,AR,1697419504
4,ilovlya,49.3033,43.9796,283.39,88,0,4.39,RU,1697419504
5,belle fourche,44.6714,-103.8522,284.86,63,100,2.48,US,1697419505
6,tomatlan,19.9333,-105.25,299.48,91,96,2.04,MX,1697419505
7,selfoss,63.9331,-20.9971,279.84,92,100,4.68,IS,1697419506
8,qaqortoq,60.7167,-46.0333,275.41,93,100,1.26,GL,1697419506
9,constantia,44.1833,28.65,286.53,71,100,9.91,RO,1697419030
10,verkhnevilyuysk,63.4453,120.3167,265.9,81,100,2.68,RU,1697419506
11,yellowknife,62.456,-114.3525,282.27,96,75,2.57,CA,1697419507
12,adamstown,-25.066,-130.1015,295.3,78,77,2.19,PN,1697419507
13,papatowai,-46.5619,169.4708,283.47,79,100,5.82,NZ,1697419507
14,ilulissat,69.2167,-51.1,267.16,86,100,9.26,GL,1697419508
15,nurabad,34.0734,47.9725,287.09,39,36,2.91,IR,1697419508
16,malicboy,13.9789,121.7892,298.9,92,100,3.44,PH,1697419508
17,bethel,41.3712,-73.414,283.57,79,0,2.57,US,1697419509
18,misratah,32.3754,15.0925,295.77,65,0,0.97,LY,1697419509
19,kendari,-3.945,122.4989,303.51,56,20,2.13,ID,1697419509
20,cole harbour,44.6724,-63.4751,284.86,90,100,5.66,CA,1697419510
21,tazacorte,28.629,-17.9293,300.45,30,0,2.68,ES,1697419510
22,castillos,-34.1667,-53.8333,288.57,88,100,6.22,UY,1697419510
23,key biscayne,25.6937,-80.1628,301.16,77,20,3.6,US,1697419357
24,gaiseni,44.515,25.6453,287.8,68,100,7.85,RO,1697419511
25,vorgashor,67.5833,63.95,272.46,98,100,5.88,RU,1697419511
26,tiksi,71.6872,128.8694,264.88,90,100,7.25,RU,1697419511
27,colonia,50.9333,6.95,279.74,91,0,0.51,DE,1697419511
28,slave lake,55.2834,-114.769,282.14,71,0,0.0,CA,1697419454
29,kataba,13.9833,44.3833,289.19,59,0,0.95,YE,1697419512
30,isafjordur,66.0755,-23.124,275.75,97,100,5.2,IS,1697419512
31,margaret river,-33.95,115.0667,294.63,46,100,5.54,AU,1697419512
32,iqaluit,63.7506,-68.5145,270.0,73,75,2.57,CA,1697419513
33,puerto natales,-51.7236,-72.4875,277.55,93,80,3.37,CL,1697419513
34,waitangi,-43.9535,-176.5597,285.83,67,11,3.58,NZ,1697419396
35,kenai,60.5544,-151.2583,282.2,84,40,6.69,US,1697419513
36,avarua,-21.2078,-159.775,296.18,60,75,5.66,CK,1697419514
37,villalbilla,40.4498,-3.3452,288.82,92,75,1.54,ES,1697419514
38,ust-nera,64.5667,143.2,259.94,95,50,2.68,RU,1697419514
39,yuzhno-kurilsk,44.0306,145.8556,287.25,69,100,4.02,RU,1697419514
40,shenjiamen,29.9576,122.298,294.89,60,0,4.16,CN,1697419515
41,champerico,14.3,-91.9167,301.11,78,100,1.1,GT,1697419515
42,port-aux-francais,-49.35,70.2167,274.74,72,99,9.92,TF,1697419515
43,severo-yeniseyskiy,60.3725,93.0408,274.03,90,100,4.02,RU,1697419516
44,stanley,54.868,-1.6985,276.64,92,0,1.54,GB,1697418816
45,pitkyaranta,61.5734,31.4792,278.44,78,55,7.7,RU,1697419516
46,maceio,-9.6658,-35.7353,297.84,94,40,3.6,BR,1697419516
47,keflavik,64.0049,-22.5624,280.39,93,75,5.14,IS,1697419517
48,port alfred,-33.5906,26.891,290.47,94,100,2.68,ZA,1697419517
49,udachny,66.4167,112.4,268.4,92,100,5.76,RU,1697419517
50,tralee,52.2704,-9.7026,279.96,87,100,2.76,IE,1697419517
51,luderitz,-26.6481,15.1594,287.59,81,0,2.41,NA,1697419518
52,duncan,34.5023,-97.9578,286.51,55,0,3.09,US,1697419518
53,gebeit,21.0667,36.3167,294.94,64,0,1.83,SD,1697419518
54,karratha,-20.7377,116.8463,306.82,13,0,10.68,AU,1697419518
55,homer,59.6425,-151.5483,282.08,92,100,2.68,US,1697419518
56,kirovskiy,45.0917,133.5136,279.87,43,2,7.64,RU,1697419519
57,aykhal,66.0,111.5,265.97,85,100,2.24,RU,1697419519
58,albany,42.6001,-73.9662,282.41,81,100,4.04,US,1697419519
59,mbandaka,0.0487,18.2603,294.71,97,100,1.14,CD,1697419519
60,prince rupert,54.3161,-130.3201,286.2,85,0,8.23,CA,1697419520
61,port elizabeth,-33.918,25.5701,290.31,96,75,7.2,ZA,1697419520
62,porto novo,6.4965,2.6036,300.05,89,100,2.29,BJ,1697419520
63,katsuura,35.1333,140.3,293.69,57,1,4.75,JP,1697419520
64,ponta delgada,37.7333,-25.6667,295.55,88,75,15.95,PT,1697419520
65,gadzhiyevo,69.2551,33.3362,278.2,91,98,11.15,RU,1697419521
66,malvan,16.0667,73.4667,299.49,83,57,1.63,IN,1697419521
67,sur,22.5667,59.5289,299.67,76,32,4.23,OM,1697419521
68,kerikeri,-35.2268,173.9474,293.23,52,13,4.38,NZ,1697419521
69,chernyshevskiy,63.0128,112.4714,272.86,99,100,1.41,RU,1697419522
70,sinabang,2.4803,96.3801,299.06,86,100,2.71,ID,1697419522
71,leava,-14.3,-178.1667,300.03,77,53,8.42,WF,1697419274
72,montepuez,-13.1256,38.9997,294.86,90,54,2.76,MZ,1697419523
73,enewetak,11.3474,162.3373,301.83,75,100,5.54,MH,1697419523
74,olonkinbyen,70.9221,-8.7187,273.45,70,100,3.58,SJ,1697419524
75,santana,-0.0583,-51.1817,303.25,70,20,5.66,BR,1697419524
76,taltal,-25.4,-70.4833,289.43,80,20,2.06,CL,1697419525
77,queenstown,-31.8976,26.8753,284.6,90,100,3.03,ZA,1697419525
78,nouadhibou,20.931,-17.0347,301.14,30,13,4.63,MR,1697419525
79,plettenberg bay,-34.0527,23.3716,288.11,92,64,0.45,ZA,1697419526
80,atafu village,-8.5421,-172.5159,301.14,78,62,7.38,TK,1697419526
81,isla mujeres,21.2311,-86.731,299.18,82,8,6.24,MX,1697419526
82,zhezqazghan,47.7833,67.7667,274.47,80,20,4.0,KZ,1697419502
83,klaksvik,62.2266,-6.589,282.66,88,100,10.42,FO,1697419527
84,ribeira grande,38.5167,-28.7,294.69,91,61,9.39,PT,1697419527
85,blackmans bay,-43.0167,147.3167,287.89,57,19,2.68,AU,1697419528
86,la foa,-21.7108,165.8276,300.16,62,99,3.56,NC,1697419528
87,afaahiti,-17.75,-149.2833,300.08,78,81,3.83,PF,1697419528
88,vadso,70.0744,29.7487,277.64,87,100,8.75,NO,1697419528
89,edinburgh of the seven seas,-37.0676,-12.3116,284.78,69,3,10.91,SH,1697419529
90,okhotsk,59.3833,143.3,275.44,76,100,4.55,RU,1697419529
91,lorengau,-2.0226,147.2712,302.32,71,100,3.18,PG,1697419530
92,pemangkat,1.1667,108.9667,300.83,80,94,2.06,ID,1697419530
93,vilyuysk,63.7553,121.6247,267.69,82,100,2.24,RU,1697419530
94,songea,-10.6833,35.65,291.17,94,99,1.53,TZ,1697419530
95,tolanaro,-25.0319,46.9987,294.19,88,75,2.06,MG,1697419531
96,san-pedro,4.7485,-6.6363,297.05,96,49,2.5,CI,1697419531
97,newman,37.3138,-121.0208,302.34,68,0,0.45,US,1697419532
98,bonthe,7.5264,-12.505,299.44,86,100,1.49,SL,1697419532
99,gbarnga,6.9956,-9.4722,295.55,99,100,0.72,LR,1697419532
100,longyearbyen,78.2186,15.6401,271.06,69,75,7.2,SJ,1697419533
101,malango,-2.9627,119.9001,299.77,62,17,1.97,ID,1697419533
102,crane,31.3974,-102.3501,290.51,35,0,4.42,US,1697419533
103,wenling,28.3669,121.36,295.16,58,0,2.04,CN,1697419534
104,agat village,13.3886,144.6585,304.46,82,40,3.09,GU,1697419534
105,shiqian,27.5225,108.2281,293.27,66,6,0.71,CN,1697419534
106,siwa oasis,29.2041,25.5195,295.22,44,0,2.71,EG,1697419534
107,remire-montjoly,4.9167,-52.2667,300.17,83,0,1.03,GF,1697419535
108,thompson,55.7435,-97.8558,276.24,100,20,0.0,CA,1697419535
109,zaragoza,41.6561,-0.8773,292.05,77,75,1.54,ES,1697419471
110,port lincoln,-34.7333,135.8667,286.97,61,48,6.96,AU,1697419370
111,conceicao do araguaia,-8.2578,-49.2647,299.57,64,20,1.24,BR,1697419465
112,bubaque,11.2833,-15.8333,301.32,80,96,4.85,GW,1697419536
113,nova vicosa,-17.8919,-39.3719,296.92,85,3,2.93,BR,1697419536
114,gorontalo,0.5412,123.0595,305.31,53,6,2.75,ID,1697419536
115,yeed,4.55,43.0333,298.73,75,14,5.62,SO,1697419537
116,kuraymah,18.55,31.85,301.51,21,4,8.28,SD,1697419537
117,saint-philippe,-21.3585,55.7679,295.92,84,35,1.44,RE,1697419537
118,lihue,21.9789,-159.3672,303.73,65,20,6.17,US,1697419537
119,ulladulla,-35.35,150.4667,292.69,46,75,6.91,AU,1697419538
120,uturoa,-16.7333,-151.4333,299.35,72,14,3.61,PF,1697419538
121,baza,37.4907,-2.7726,289.11,74,100,1.37,ES,1697419538
122,geraldton,-28.7667,114.6,307.38,10,44,11.32,AU,1697419538
123,bela,25.9333,81.9833,296.8,69,3,2.6,IN,1697419539
124,san antonio de pale,-1.4014,5.6325,299.22,82,100,6.33,GQ,1697419539
125,fort bragg,35.139,-79.006,288.9,77,100,1.54,US,1697419539
126,kodiak,57.79,-152.4072,281.88,93,100,8.23,US,1697419539
127,hermanus,-34.4187,19.2345,289.79,85,100,5.43,ZA,1697419540
128,georgetown,5.4112,100.3354,302.11,81,40,3.09,MY,1697419540
129,kenora,49.8167,-94.4337,284.69,66,20,1.54,CA,1697419540
130,ploneour-lanvern,47.9,-4.2833,283.33,71,0,4.63,FR,1697419540
131,howard springs,-12.497,131.047,306.1,31,16,0.46,AU,1697419541
132,klyuchi,52.2667,79.1667,276.57,79,16,2.97,RU,1697419541
133,north shore,-36.8,174.75,295.04,79,98,5.36,NZ,1697419542
134,manaure,11.7751,-72.4445,302.44,77,43,6.33,CO,1697419542
135,east london,-33.0153,27.9116,290.83,89,100,10.44,ZA,1697419543
136,popilnia,49.9665,29.4435,279.42,86,100,4.89,UA,1697419543
137,ancud,-41.8697,-73.8203,280.24,90,8,2.57,CL,1697419543
138,bilibino,68.0546,166.4372,262.57,93,88,0.17,RU,1697419543
139,fort st. john,56.2499,-120.8529,286.09,54,75,7.72,CA,1697419400
140,alice springs,-23.7,133.8833,298.9,19,0,8.75,AU,1697419352
141,cestos city,5.46,-9.5828,298.8,88,100,3.02,LR,1697419544
142,hun,29.1268,15.9477,293.71,40,0,3.05,LY,1697419544
143,dryden,49.7833,-92.7503,278.31,81,0,2.57,CA,1697419545
144,bredasdorp,-34.5322,20.0403,288.36,97,62,2.64,ZA,1697419545
145,sfax,34.7406,10.7603,294.23,78,0,1.54,TN,1697419546
146,aasiaat,68.7098,-52.8699,267.25,75,100,3.59,GL,1697419546
147,badger,64.8,-147.5333,278.22,89,0,1.54,US,1697419546
148,hassi messaoud,31.6804,6.0729,293.07,28,0,2.06,DZ,1697419546
149,trujillo,-8.116,-79.03,292.13,82,75,4.12,PE,1697419547
150,dunedin,-45.8742,170.5036,289.3,38,100,2.51,NZ,1697419547
151,cide,41.8921,33.0044,290.9,63,0,2.57,TR,1697419547
152,mushie,-3.0167,16.9,296.38,88,100,0.74,CD,1697419548
153,pimenta bueno,-11.6725,-61.1936,300.85,55,66,1.14,BR,1697419548
154,vilyuchinsk,52.9306,158.4028,283.3,96,100,3.25,RU,1697419548
155,pendleton,45.6721,-118.7886,291.93,61,0,3.6,US,1697419532
156,sumbawa besar,-8.5,117.4333,305.88,42,5,3.95,ID,1697419549
157,margate,51.3813,1.3862,280.32,60,97,2.05,GB,1697419549
158,walvis bay,-22.9575,14.5053,286.53,100,0,1.54,NA,1697419549
159,campoverde,-8.4753,-74.8058,300.98,67,34,1.29,PE,1697419549
160,biankouma,7.7391,-7.6138,294.13,97,98,0.69,CI,1697419550
161,ryl'sk,51.5655,34.6822,282.11,91,100,4.47,RU,1697419551
162,san patricio,28.017,-97.5169,297.07,35,0,4.3,US,1697419467
163,luwuk,-0.9516,122.7875,303.76,60,10,2.77,ID,1697419551
164,st. john's,47.5649,-52.7093,284.02,92,100,3.09,CA,1697419552
165,yeraliyev,43.2,51.65,286.32,40,0,9.07,KZ,1697419552
166,the pas,53.8251,-101.2541,281.16,76,0,2.57,CA,1697419552
167,kavaratti,10.5669,72.642,300.64,71,77,1.54,IN,1697419553
168,kalmunai,7.4167,81.8167,298.83,86,31,2.59,LK,1697419553
169,beau vallon,-20.4189,57.6953,294.38,88,20,2.57,MU,1697419553
170,puerto ayora,-0.7393,-90.3518,297.34,93,37,2.24,EC,1697419554
171,invercargill,-46.4,168.35,283.16,80,100,2.68,NZ,1697419554
172,ascension,30.2169,-90.9001,290.97,60,0,2.57,US,1697419554
173,pisco,-13.7,-76.2167,292.18,82,0,5.14,PE,1697419460
174,carnarvon,-24.8667,113.6333,305.03,23,0,8.44,AU,1697419554
175,rumoi,43.9344,141.6428,285.47,82,100,7.36,JP,1697419555
176,megion,61.0296,76.1136,275.16,89,99,4.24,RU,1697419555
177,coahuayana de hidalgo,18.7,-103.6583,300.32,85,100,0.99,MX,1697419555
178,ola,59.5833,151.2833,274.49,60,100,3.18,RU,1697419555
179,oranjestad,12.524,-70.027,303.12,86,20,6.17,AW,1697419556
180,jamestown,42.097,-79.2353,280.68,98,100,3.6,US,1697419537
181,kirando,-7.4167,30.6,297.88,80,100,2.73,TZ,1697419556
182,usinsk,65.9939,57.5281,275.41,99,100,7.15,RU,1697419556
183,iskateley,67.6803,53.1512,273.72,87,99,8.94,RU,1697419556
184,bam,29.106,58.357,293.63,29,0,2.06,IR,1697419557
185,ghat,24.9647,10.1728,297.29,23,3,2.38,LY,1697419557
186,chimore,-16.9833,-65.1333,302.9,42,89,1.05,BO,1697419558
187,gaiman,-43.2897,-65.4929,284.56,52,9,4.23,AR,1697419558
188,jacarei,-23.3053,-45.9658,293.55,88,75,2.57,BR,1697419558
189,toliara,-23.35,43.6667,294.43,81,90,2.49,MG,1697419558
190,anadyr,64.75,177.4833,275.43,87,75,1.0,RU,1697419558
191,arkhangel'sk,64.5401,40.5433,277.11,78,100,5.65,RU,1697419559
192,port mathurin,-19.6833,63.4167,296.94,81,0,4.78,MU,1697419559
193,mlimba,-8.8,35.8167,297.9,73,100,2.65,TZ,1697419559
194,marechal deodoro,-9.7103,-35.895,297.82,82,18,3.62,BR,1697419559
195,hamilton,39.1834,-84.5333,283.84,74,75,2.57,US,1697419354
196,caceres,39.522,-6.3748,289.48,84,100,1.92,ES,1697419560
197,nishinoomote,30.7333,131.0,296.46,56,40,7.72,JP,1697419560
198,piti village,13.4626,144.6933,304.43,79,40,3.09,GU,1697419561
199,fukuecho,32.6881,128.8419,294.35,52,75,5.14,JP,1697419561
200,west island,-12.1568,96.8225,300.14,69,100,4.63,CC,1697419561
201,karaidel',55.8337,56.9069,280.87,92,72,5.67,RU,1697419562
202,nar'yan-mar,67.6713,53.087,273.77,87,99,8.94,RU,1697419365
203,fortaleza,-3.7227,-38.5247,300.49,74,20,5.66,BR,1697419329
204,inarajan village,13.2736,144.7484,304.48,83,74,1.62,GU,1697419562
205,jiuquan,39.7432,98.5174,281.29,55,100,3.46,CN,1697419563
206,puerto baquerizo moreno,-0.9,-89.6,296.75,84,86,4.62,EC,1697419563
207,portland,45.5234,-122.6762,293.43,78,100,2.06,US,1697419340
208,hawaiian paradise park,19.5933,-154.9731,302.06,75,20,3.6,US,1697419564
209,lebu,-37.6167,-73.65,282.97,74,0,7.71,CL,1697419564
210,san jose,37.3394,-121.895,299.94,55,20,23.25,US,1697419370
211,tsiombe,-25.3,45.4833,292.28,85,100,1.17,MG,1697419565
212,prado,-17.3411,-39.2208,296.59,87,3,2.55,BR,1697419566
213,guiuan,11.0333,125.7247,301.64,71,69,2.36,PH,1697419566
214,barra de santo antonio,-9.4047,-35.5072,297.75,77,14,5.47,BR,1697419566
215,mikumi,-7.4041,36.9831,296.33,81,99,0.62,TZ,1697419567
216,kertih,4.5141,103.4483,301.16,83,20,0.0,MY,1697419567
217,maloye ganyushkino,46.6,49.2667,285.49,68,0,6.23,KZ,1697419567
218,mil'kovo,55.6078,37.7956,281.23,96,100,2.7,RU,1697419568
219,talnakh,69.4865,88.3972,263.82,93,47,1.41,RU,1697419568
220,susuman,62.7833,148.1667,267.03,91,100,1.34,RU,1697419568
221,la passe,45.5549,-0.8967,283.28,59,100,5.96,FR,1697419568
222,tazovsky,67.4667,78.7,274.5,99,100,2.38,RU,1697419569
223,akureyri,65.6835,-18.0878,277.11,87,100,0.0,IS,1697419569
224,ratnagiri,16.9833,73.3,299.0,82,80,2.08,IN,1697419570
225,suncho corral,-27.9336,-63.4294,304.22,26,38,7.73,AR,1697419570
226,bolgatanga,10.7856,-0.8514,299.69,73,100,2.2,GH,1697419570
227,ulsteinvik,62.3432,5.8487,279.43,70,100,5.36,NO,1697419335
228,lesosibirsk,58.2358,92.4828,279.21,81,100,3.05,RU,1697419571
229,san luis de la loma,17.2706,-100.8939,300.06,86,100,0.46,MX,1697419571
230,manturovo,58.3353,44.7619,281.92,92,100,3.16,RU,1697419571
231,mizque,-17.941,-65.3402,291.8,64,12,2.16,BO,1697419572
232,ovalle,-30.5983,-71.2003,290.94,52,100,1.35,CL,1697419572
233,weno,7.4515,151.8468,303.12,84,100,4.63,FM,1697419573
234,umba,66.6871,34.3429,276.7,65,100,5.36,RU,1697419573
235,fort mcmurray,56.7268,-111.381,282.92,66,75,2.57,CA,1697419318
236,kapa'a,22.0752,-159.319,304.14,66,20,6.17,US,1697419573
237,whitehorse,60.7161,-135.0538,281.58,71,40,5.66,CA,1697419574
238,karymskoye,51.6167,114.35,276.97,48,100,2.03,RU,1697419574
239,chibougamau,49.9168,-74.3659,281.94,76,0,4.12,CA,1697419529
240,concordia,-31.393,-58.0209,295.25,76,100,0.89,AR,1697419575
241,scottburgh,-30.2867,30.7532,290.72,94,100,2.15,ZA,1697419575
242,wailua homesteads,22.0669,-159.378,303.39,66,20,6.17,US,1697419575
243,sterling,39.0062,-77.4286,284.9,75,20,2.06,US,1697419282
244,la'ie,21.6477,-157.9253,304.13,71,100,3.13,US,1697419576
245,trail,49.0998,-117.7022,290.36,67,90,0.83,CA,1697419525
246,krasnovishersk,60.4078,57.082,280.67,95,100,4.12,RU,1697419576
247,saldanha,-33.0117,17.9442,285.18,83,0,2.65,ZA,1697419577
248,omutninsk,58.67,52.1932,284.48,97,100,4.04,RU,1697419577
249,tangalle,6.024,80.7911,297.24,87,99,2.89,LK,1697419578
250,nemuro,43.3236,145.575,287.12,75,100,4.64,JP,1697419578
251,mount isa,-20.7333,139.5,305.02,14,0,8.23,AU,1697419578
252,goz beida,13.95,20.55,303.02,25,100,2.35,TD,1697419579
253,fortuna,40.5982,-124.1573,288.66,96,0,0.0,US,1697419579
254,jatai,-17.8814,-51.7144,297.19,64,28,1.77,BR,1697419579
255,sale,34.0389,-6.8166,296.84,63,75,0.0,MA,1697419579
256,pangody,65.85,74.4859,272.96,84,100,4.53,RU,1697419580
257,banamba,13.55,-7.45,301.17,19,95,1.33,ML,1697419580
258,hithadhoo,-0.6,73.0833,300.64,79,4,8.38,MV,1697419580
259,ust'-ordynskiy,52.805,104.7508,278.34,72,100,3.16,RU,1697419580
260,rampachodavaram,17.45,81.7667,297.1,84,5,1.14,IN,1697419581
261,west bay,19.3667,-81.4167,303.19,77,20,1.54,KY,1697419581
262,noyabrsk,63.1994,75.4507,273.84,89,100,6.26,RU,1697419582
263,happy valley-goose bay,53.3168,-60.3315,279.32,81,100,7.2,CA,1697419582
264,arangaon,18.6667,75.1833,297.62,55,98,2.86,IN,1697419582
265,magadan,59.5667,150.8,274.16,66,100,1.34,RU,1697419582
266,ghanzi,-21.5667,21.7833,291.9,10,100,4.29,BW,1697419583
267,fisterra,42.9049,-9.2629,292.05,87,100,8.23,ES,1697419583
268,kill devil hills,36.0307,-75.676,287.58,70,40,3.09,US,1697419289
269,urangan,-25.3,152.9,296.23,73,0,7.05,AU,1697419583
270,itoman,26.1247,127.6694,300.58,50,20,5.66,JP,1697419584
271,holdrege,40.4403,-99.3698,279.75,80,0,1.54,US,1697419568
272,howrah,22.5892,88.3103,299.15,83,20,0.0,IN,1697419584
273,saipan,15.1355,145.701,302.54,79,40,3.6,MP,1697419584
274,faya-largeau,17.9257,19.1043,301.35,23,100,7.25,TD,1697419585
275,alajarvi,63.0,23.8167,275.07,85,100,4.06,FI,1697419585
276,leninskoye,41.7589,69.3864,282.21,45,6,1.14,KZ,1697419586
277,filipstad,59.7124,14.1683,274.73,74,95,1.64,SE,1697419586
278,vallam,10.7167,79.0833,298.18,88,100,2.18,IN,1697419586
279,san julian,21.0167,-102.1667,291.09,62,79,5.06,MX,1697419586
280,palmer,42.1584,-72.3287,282.69,82,100,2.06,US,1697419362
281,college,64.8569,-147.8028,278.26,89,40,1.54,US,1697419587
282,fada n'gourma,12.0622,0.3578,301.54,54,96,3.15,BF,1697419587
283,zouerate,22.7187,-12.4521,301.37,21,96,4.13,MR,1697419588
284,dixiana,33.9193,-81.0593,289.71,76,100,2.57,US,1697419588
285,viale,-31.8678,-60.0072,294.87,56,100,4.17,AR,1697419588
286,rundu,-17.9333,19.7667,298.53,22,100,0.58,NA,1697419588
287,cameron,26.117,-97.5169,296.45,61,0,2.57,US,1697419589
288,nogliki,51.8333,143.1667,282.23,84,100,3.13,RU,1697419589
289,al kharijah,25.4514,30.5464,294.3,36,0,3.58,EG,1697419589
290,nantucket,41.2835,-70.0995,285.45,75,20,4.63,US,1697419590
291,tura,25.5198,90.2201,294.15,84,1,1.4,IN,1697419590
292,oschersleben,52.0333,11.25,278.12,82,11,5.01,DE,1697419590
293,astrakhan,46.3497,48.0408,281.08,93,0,3.0,RU,1697419591
294,mozarlandia,-14.7447,-50.5706,303.0,40,66,2.45,BR,1697419591
295,amungan,15.3652,119.9582,302.67,70,97,1.88,PH,1697419592
296,san jose del guaviare,2.5729,-72.6459,295.43,94,81,1.14,CO,1697419592
297,paita,-5.0892,-81.1144,293.28,84,16,5.93,PE,1697419592
298,utrik,11.2278,169.8474,301.45,75,56,5.21,MH,1697419592
299,saquarema,-22.92,-42.5103,295.26,91,100,5.48,BR,1697419593
300,arraial do cabo,-22.9661,-42.0278,295.3,92,99,6.2,BR,1697419593
301,khorugh,37.4897,71.553,280.44,49,100,1.18,TJ,1697419593
302,barcelos,41.5388,-8.6151,293.06,91,100,2.02,PT,1697419425
303,bilgi,16.35,75.6167,297.48,59,61,3.26,IN,1697419594
304,kudahuvadhoo,2.6708,72.8944,300.92,78,52,8.04,MV,1697419594
305,sisimiut,66.9395,-53.6735,269.62,69,99,1.83,GL,1697419595
306,petropavlovsk-kamchatsky,53.0452,158.6483,282.48,88,75,5.0,RU,1697419595
307,vernon,50.2581,-119.2691,289.68,74,100,0.51,CA,1697419595
308,canet de mar,41.5905,2.5812,293.47,80,100,2.16,ES,1697419595
309,bumba,2.1833,22.4667,294.75,99,100,0.99,CD,1697419595
310,balasore,21.4942,86.9317,296.86,72,4,0.76,IN,1697419596
311,rongelap,11.1635,166.8941,301.54,77,25,5.55,MH,1697419596
312,antalaha,-14.9003,50.2788,294.83,94,55,1.66,MG,1697419596
313,nagqu,31.5,92.0,271.03,80,100,1.78,CN,1697419597
314,jaguaribe,-5.8906,-38.6219,301.79,53,75,4.3,BR,1697419597
315,perevolotskiy,51.8763,54.1938,281.74,93,62,3.54,RU,1697419597
316,nuuk,64.1835,-51.7216,271.49,80,6,1.54,GL,1697419597
317,norilsk,69.3535,88.2027,263.94,94,41,0.88,RU,1697419598
318,tromso,69.6496,18.957,277.16,81,75,7.2,NO,1697419598
319,lianyuan,27.6883,111.6642,295.93,49,0,0.98,CN,1697419598
320,waingapu,-9.6567,120.2641,303.5,56,6,5.1,ID,1697419598
321,taroa,8.7058,171.2275,301.38,71,100,4.06,MH,1697419598
322,kirensk,57.7853,108.1119,278.72,95,100,3.58,RU,1697419599
323,nenjiang,49.1833,125.2167,278.47,30,0,7.71,CN,1697419599
324,punta arenas,-53.15,-70.9167,279.21,75,75,6.17,CL,1697419526
325,polyarnyy,69.1989,33.4478,278.36,91,98,10.75,RU,1697419599
326,nacala,-14.5428,40.6728,297.97,92,96,3.23,MZ,1697419599
327,arish,31.1316,33.7984,293.25,83,0,1.54,EG,1697419600
328,yermakovskoye,53.2831,92.4003,278.12,95,100,4.47,RU,1697419600
329,tahe,52.3333,124.7333,275.33,43,0,5.36,CN,1697419600
330,holualoa,19.6228,-155.9522,300.8,80,100,4.63,US,1697419600
331,igrim,63.1906,64.4162,276.49,84,100,2.68,RU,1697419601
332,rock springs,41.5875,-109.2029,287.84,43,0,1.54,US,1697419363
333,timimoun,29.2639,0.231,298.36,31,0,8.23,DZ,1697419601
334,tindouf,27.6711,-8.1474,297.4,25,0,1.03,DZ,1697419601
335,kirakira,-10.4544,161.9205,302.38,75,90,2.29,SB,1697419602
336,tocopilla,-22.092,-70.1979,291.66,72,36,2.01,CL,1697419602
337,cadale,2.7603,46.3222,299.45,84,40,3.89,SO,1697419602
338,'ain merane,36.1628,0.9704,290.81,51,68,0.43,DZ,1697419602
339,acapulco de juarez,16.8634,-99.8901,302.05,84,100,1.54,MX,1697419424
340,alofi,-19.0595,-169.9187,300.09,61,14,7.72,NU,1697419603
341,el porvenir,13.7617,-87.3458,297.78,97,99,0.39,HN,1697419603
342,regalbuto,37.6526,14.6409,292.02,39,6,1.72,IT,1697419604
343,mount pearl,47.5166,-52.7813,283.56,92,100,3.09,CA,1697419604
344,camana,-16.6228,-72.7111,291.86,87,28,2.48,PE,1697419604
345,sechura,-5.5569,-80.8222,294.48,75,21,6.67,PE,1697419604
346,barah,13.7,30.3667,302.02,20,26,1.36,SD,1697419604
347,baiona,43.4833,-1.4833,288.74,72,0,3.6,FR,1697419605
348,kailua-kona,19.6406,-155.9956,302.87,79,100,4.63,US,1697419605
349,aligudarz,33.4006,49.6949,285.79,42,18,2.73,IR,1697419606
350,hadibu,12.65,54.0333,299.71,77,100,0.47,YE,1697419606
351,dunhua,43.3725,128.2425,280.14,31,0,7.55,CN,1697419606
352,petrosino,37.7077,12.4999,294.52,88,5,3.26,IT,1697419606
353,esperanza,19.5847,-70.9849,301.47,83,100,0.67,DO,1697419607
354,nizhniy odes,63.6445,54.856,277.46,92,44,3.55,RU,1697419607
355,niafunke,15.9322,-3.9906,304.29,13,100,3.91,ML,1697419608
356,namibe,-15.1961,12.1522,290.64,80,12,2.67,AO,1697419608
357,lodja,-3.4833,23.4333,294.23,96,100,0.62,CD,1697419608
358,lompoc,34.6391,-120.4579,295.38,82,0,7.15,US,1697419608
359,muli,2.9167,73.5667,301.1,75,50,8.38,MV,1697419608
360,jincheng,35.5022,112.8328,291.26,32,0,1.63,CN,1697419609
361,dumai,1.6833,101.45,298.32,92,100,0.97,ID,1697419609
362,chimbarongo,-34.7,-71.05,288.64,83,2,1.3,CL,1697419609
363,tabuk,17.4189,121.4443,299.38,82,87,1.48,PH,1697419610
364,freetown,8.484,-13.2299,299.17,79,100,0.16,SL,1697419595
365,dakhla,23.6848,-15.958,296.14,70,99,6.79,EH,1697419610
366,vikulovo,56.8167,70.6107,279.74,78,100,5.77,RU,1697419611
367,wanning,18.8003,110.3967,298.09,92,99,6.9,CN,1697419611
368,chiredzi,-21.05,31.6667,294.98,65,100,4.77,ZW,1697419611
369,sangmelima,2.9333,11.9833,291.56,99,100,0.92,CM,1697419611
370,tondano,1.3038,124.9112,302.2,54,0,1.79,ID,1697419612
371,puerto deseado,-47.7503,-65.8938,281.27,59,49,3.43,AR,1697419612
372,amanganj,24.4333,80.0333,296.43,60,12,1.82,IN,1697419612
373,viljandi,58.3639,25.59,276.57,87,51,2.74,EE,1697419613
374,malabar,-33.9667,151.25,299.13,34,75,7.72,AU,1697419613
375,mariental,-24.6333,17.9667,289.42,33,0,3.96,NA,1697419613
376,burela de cabo,43.65,-7.4,289.52,88,100,3.09,ES,1697419614
377,yakeshi,49.2833,120.7333,275.97,31,18,2.98,CN,1697419614
378,terra santa,-2.1042,-56.4869,302.74,47,75,1.1,BR,1697419614
379,laascaanood,8.4774,47.3597,296.15,80,96,4.44,SO,1697419615
380,buala,-8.145,159.5921,302.8,70,100,1.1,SB,1697419615
381,harper,4.375,-7.7169,297.7,91,100,2.95,LR,1697419615
382,vicente guerrero,19.1194,-98.1708,287.81,79,100,5.81,MX,1697419616
383,manhuacu,-20.2581,-42.0336,294.41,89,99,1.13,BR,1697419616
384,vila franca do campo,37.7167,-25.4333,295.38,99,95,12.32,PT,1697419616
385,kone,-21.0595,164.8658,300.78,60,100,3.91,NC,1697419617
386,daru,-9.0763,143.2092,300.21,75,75,4.94,PG,1697419617
387,coquimbo,-29.9533,-71.3436,286.0,94,0,2.57,CL,1697419618
388,new norfolk,-42.7826,147.0587,288.55,45,64,4.55,AU,1697419549
389,baraboo,43.4711,-89.7443,285.37,68,75,2.57,US,1697419350
390,lautoka,-17.6167,177.4667,302.07,65,20,7.2,FJ,1697419618
391,el bauga,18.262,33.9081,302.23,44,37,6.13,SD,1697419618
392,wicklow,53.0,-6.4167,278.75,88,100,0.86,IE,1697419618
393,belmonte,-15.8631,-38.8828,296.53,84,3,3.27,BR,1697419619
394,strakonice,49.2614,13.9024,276.39,91,2,2.21,CZ,1697419619
395,chonchi,-42.6128,-73.8092,280.71,98,63,1.26,CL,1697419619
396,eregli,37.5133,34.0467,285.41,61,6,1.48,TR,1697419620
397,rabo de peixe,37.8,-25.5833,294.88,99,75,15.95,PT,1697419620
398,sassandra,4.95,-6.0833,296.82,96,99,2.45,CI,1697419620
399,copparo,44.893,11.8249,285.42,59,100,4.63,IT,1697419621
400,verkhovazh'ye,60.7472,42.0465,282.12,78,67,5.79,RU,1697419621
401,serov,59.6033,60.5787,283.55,85,100,5.36,RU,1697419622
402,marly,50.3456,3.5496,277.47,69,95,1.83,FR,1697419622
403,miracema do tocantins,-9.5618,-48.3967,301.76,60,71,1.74,BR,1697419622
404,quezon,7.7303,125.0989,300.91,78,30,0.58,PH,1697419623
405,luanda,-8.8368,13.2343,298.15,83,75,2.57,AO,1697419623
406,libreville,0.3925,9.4537,299.16,94,75,1.54,GA,1697419624
407,zaraysk,54.7653,38.8836,283.98,88,100,2.3,RU,1697419624
408,ceelbuur,4.685,46.6176,299.0,81,90,5.21,SO,1697419624
409,uthal,25.8072,66.6219,299.09,84,17,1.91,PK,1697419625
410,ansalta,42.6894,46.1178,282.69,55,82,2.13,RU,1697419625
411,vrangel',42.7297,133.0839,284.16,33,0,7.8,RU,1697419625
412,chui,-33.6971,-53.4616,289.22,87,100,6.39,UY,1697419626
413,arafat,21.3594,39.9664,301.1,59,2,1.34,SA,1697419626
414,musoma,-1.5,33.8,294.82,74,100,2.43,TZ,1697419626
415,sola,-13.8833,167.55,299.41,83,100,7.04,VU,1697419626
416,kapuskasing,49.4169,-82.4331,279.2,81,100,6.17,CA,1697419627
417,glace bay,46.1969,-59.957,285.87,94,100,6.17,CA,1697419444
418,santa marta,11.2408,-74.199,303.18,75,75,3.6,CO,1697419627
419,nampa,43.5407,-116.5635,296.81,38,0,3.09,US,1697419620
420,makinsk,52.6292,70.4169,279.27,69,100,5.75,KZ,1697419628
421,hoemul-li,41.4339,129.67,286.56,27,0,0.87,KP,1697419628
422,savanna-la-mar,18.219,-78.1332,300.89,82,90,0.68,JM,1697419619
423,ghormach,35.7306,63.7826,283.39,45,6,0.84,AF,1697419629
424,abu ghurayb,33.3083,44.185,297.12,41,0,5.14,IQ,1697419629
425,tual,-5.6667,132.75,299.56,80,16,6.87,ID,1697419629
426,riyadh,24.6877,46.7219,296.23,18,0,1.0,SA,1697419502
427,laojunmiao,39.8333,97.7333,279.89,40,87,1.02,CN,1697419630
428,haisyn,48.8114,29.3898,278.76,89,100,7.62,UA,1697419630
429,kampung sungai ara,5.327,100.2735,302.1,79,40,0.0,MY,1697419630
430,bukama,-9.2,25.85,294.28,92,100,1.04,CD,1697419631
431,marshall,34.3834,-86.3333,284.83,86,75,4.12,US,1697419631
432,dem'yanovo,60.3511,47.0842,279.99,85,99,4.16,RU,1697419631
433,mejit,10.2753,170.8646,301.23,76,97,4.77,MH,1697419631
434,san pedro pochutla,15.7333,-96.4667,300.99,94,100,1.74,MX,1697419355
435,souillac,-20.5167,57.5167,293.36,88,20,2.57,MU,1697419632
436,hirara,24.8,125.2833,301.07,50,75,6.69,JP,1697419632
437,svilengrad,41.7667,26.2,289.19,77,67,2.46,BG,1697419632
438,williams lake,52.1415,-122.1445,288.74,46,75,3.6,CA,1697419633
439,at taj,24.2049,23.2857,293.13,35,0,4.0,LY,1697419633
440,hailar,49.2,119.7,276.94,31,8,2.55,CN,1697419633
441,gobabis,-22.45,18.9667,287.38,18,0,4.27,NA,1697419634
442,christchurch,-43.5333,172.6333,292.26,30,36,7.2,NZ,1697419627
443,alo,7.4178,6.7371,297.0,97,100,1.45,NG,1697419634
444,juan griego,11.0817,-63.9655,302.22,84,24,4.63,VE,1697419634
445,le port,-20.9373,55.2919,296.15,94,17,3.01,RE,1697419635
446,thomasville,35.8826,-80.082,285.6,78,100,5.04,US,1697419635
447,pedro escobedo,20.5,-100.1333,289.16,77,100,6.17,MX,1697419635
448,kingston,17.997,-76.7936,302.68,89,20,2.57,JM,1697419340
449,multan,30.1956,71.4753,295.09,83,20,0.0,PK,1697419636
450,bengkulu,-3.8004,102.2655,298.93,78,62,0.8,ID,1697419636
451,salalah,17.0151,54.0924,298.2,88,20,2.06,OM,1697419636
452,nueva rosita,27.95,-101.2167,294.62,37,0,2.85,MX,1697419637
453,cabo san lucas,22.8909,-109.9124,302.93,78,0,5.14,MX,1697419543
454,dudinka,69.4058,86.1778,266.3,91,37,3.58,RU,1697419638
455,opole lubelskie,51.1478,21.969,277.92,73,6,6.2,PL,1697419638
456,hobyo,5.3505,48.5268,300.28,81,23,4.34,SO,1697419638
457,hinojosa del duque,38.5006,-5.1465,288.84,72,4,2.69,ES,1697419638
458,touros,-5.1989,-35.4608,298.48,81,100,8.25,BR,1697419639
459,lubango,-14.9172,13.4925,290.47,57,20,1.32,AO,1697419639
460,vila velha,-20.3297,-40.2925,296.12,99,75,2.06,BR,1697419639
461,torghay,49.6339,63.4981,284.25,69,64,4.05,KZ,1697419639
462,xining,36.6167,101.7667,279.97,41,0,0.76,CN,1697419639
463,gretna,29.9147,-90.054,292.59,57,75,9.26,US,1697419529
464,choele choel,-39.2667,-65.6833,291.91,13,3,6.4,AR,1697419640
465,manicore,-5.8092,-61.3003,300.33,61,25,0.65,BR,1697419640
466,acarau,-2.8856,-40.12,299.28,83,51,7.69,BR,1697419640
467,cape coast,5.1053,-1.2466,298.34,90,61,4.22,GH,1697419641
468,sinop,41.7711,34.8709,286.55,53,13,2.72,TR,1697419641
469,mount gambier,-37.8333,140.7667,285.74,51,97,5.9,AU,1697419641
470,itaituba,-4.2761,-55.9836,299.68,68,36,1.01,BR,1697419641
471,blenheim,-41.516,173.9528,290.66,52,88,3.13,NZ,1697419641
472,port douglas,-16.4833,145.4667,298.5,59,38,2.05,AU,1697419642
473,matoury,4.8483,-52.3317,300.13,83,0,1.03,GF,1697419642
474,izsak,46.8045,19.3517,280.34,62,0,6.6,HU,1697419642
475,bujumbura,-3.3822,29.3644,295.71,85,100,2.28,BI,1697419375
476,valley,45.1277,-116.1262,285.49,48,19,1.67,US,1697419643
477,rawah,34.4816,41.9093,294.7,49,0,3.36,IQ,1697419643
478,masuguru,-11.3667,38.4167,297.38,81,96,2.27,TZ,1697419644
479,ust'-ilimsk,58.0006,102.6619,277.84,86,100,2.24,RU,1697419644
480,bom jesus,-9.0744,-44.3586,299.24,42,89,0.79,BR,1697419644
481,naliya,23.2667,68.8333,298.72,77,0,2.63,IN,1697419645
482,nieuw amsterdam,5.8833,-55.0833,301.49,83,100,5.44,SR,1697419645
483,sao joao da barra,-21.6403,-41.0511,295.74,95,100,2.29,BR,1697419638
484,iringa,-7.7667,35.7,288.48,91,100,1.87,TZ,1697419646
485,xanxere,-26.8769,-52.4042,290.85,97,0,2.25,BR,1697419646
486,shagonar,51.5333,92.8,279.43,66,100,1.65,RU,1697419646
487,vila do maio,15.1333,-23.2167,301.59,73,96,5.68,CV,1697419647
488,gagliano del capo,39.8442,18.3695,294.83,68,15,6.17,IT,1697419647
489,nova xavantina,-14.6667,-52.35,302.2,47,98,1.15,BR,1697419647
490,juneau,58.3019,-134.4197,282.82,100,100,2.57,US,1697419418
491,tobruk,32.0836,23.9764,295.12,71,0,4.18,LY,1697419648
492,al ghayzah,16.2079,52.176,298.23,76,100,2.3,YE,1697419648
493,claremont,34.0967,-117.7198,303.68,38,0,4.63,US,1697419648
494,berdyansk,46.7503,36.7944,286.22,71,0,0.45,UA,1697419649
495,antofagasta,-23.65,-70.4,289.75,78,93,2.01,CL,1697419564
496,igarka,67.4667,86.5833,274.22,99,100,0.94,RU,1697419649
497,tobol'sk,58.2,68.2667,279.6,88,100,4.92,RU,1697419650
498,karukh,34.4811,62.5863,281.47,46,0,3.54,AF,1697419650
499,hilo,19.7297,-155.09,303.31,73,20,3.6,US,1697419373
500,santa cruz,-17.8,-63.1667,299.85,69,17,3.09,BO,1697419650
501,mana,5.6592,-53.7767,300.53,82,100,5.51,GF,1697419650
502,labytnangi,66.6572,66.4183,273.38,99,100,4.15,RU,1697419651
503,coronel suarez,-37.4547,-61.9334,289.94,42,83,4.9,AR,1697419651
504,brookings,44.3114,-96.7984,282.14,82,0,3.09,US,1697419651
505,constitucion,-35.3333,-72.4167,282.68,87,4,6.0,CL,1697419651
506,manggar,-2.8833,108.2667,302.02,74,83,5.69,ID,1697419652
507,bathsheba,13.2167,-59.5167,301.49,78,20,4.63,BB,1697419652
508,kimbe,-5.5502,150.1429,300.82,77,89,0.68,PG,1697419652
509,greenwood,34.1668,-82.1165,287.75,66,100,3.6,US,1697419652
510,lucea,18.451,-78.1736,300.85,74,100,1.41,JM,1697419653
511,obihiro,42.9172,143.2044,288.82,73,0,1.63,JP,1697419653
512,coxen hole,16.3244,-86.5366,302.75,79,20,2.57,HN,1697419653
513,north platte,41.1239,-100.7654,280.03,75,0,2.68,US,1697419653
514,pariaman,-0.619,100.12,299.18,82,59,1.46,ID,1697419654
515,moose jaw,50.4001,-105.5344,284.29,50,92,5.14,CA,1697419654
516,valparaiso,-33.0393,-71.6273,284.95,66,0,1.03,CL,1697419654
517,hays,30.0502,-98.0336,292.06,45,0,1.34,US,1697419654
518,manhush,47.0558,37.3107,285.98,73,1,1.4,UA,1697419655
519,cheremukhovo,60.3484,59.9851,280.35,92,100,3.58,RU,1697419655
520,tena,-0.9833,-77.8167,294.75,95,100,1.41,EC,1697419655
521,masterton,-40.9597,175.6575,287.79,52,100,5.68,NZ,1697419655
522,san ignacio,17.1561,-89.0714,301.23,78,75,2.06,BZ,1697419656
523,qusmuryn,52.4503,64.6311,282.96,83,72,4.54,KZ,1697419656
524,rio grande,-32.035,-52.0986,292.01,87,100,9.12,BR,1697419656
525,atar,20.5169,-13.0499,302.05,17,10,2.49,MR,1697419656
526,morehead city,34.7229,-76.726,288.14,84,75,4.12,US,1697419489
527,paragominas,-2.9667,-47.4833,298.71,73,89,1.08,BR,1697419657
528,mizdah,31.4451,12.9801,291.35,58,0,2.26,LY,1697419657
529,kayangel,8.0823,134.7173,301.31,77,32,3.98,PW,1697419657
530,ta`u,-14.2336,-169.5144,299.66,77,41,8.73,AS,1697419658
531,turochak,52.2576,87.1224,278.12,93,100,1.6,RU,1697419658
532,napili-honokowai,20.9708,-156.6705,302.66,79,100,4.19,US,1697419658
533,viqueque,-8.8673,126.3658,303.46,48,68,3.61,TL,1697419659
534,verkhniy baskunchak,48.2256,46.7217,283.07,60,0,4.5,RU,1697419659
535,birjand,32.8663,59.2211,281.41,53,0,3.09,IR,1697419659
536,tadine,-21.55,167.8833,297.21,76,97,7.31,NC,1697419659
537,rehoboth,-23.3167,17.0833,286.68,23,0,1.32,NA,1697419660
538,ende,-8.8432,121.6623,304.52,47,2,1.82,ID,1697419660
539,alexandria,31.2156,29.9553,293.45,60,0,4.39,EG,1697419534
540,neiafu,-18.65,-173.9833,300.53,65,75,5.66,TO,1697419661
541,teghra,25.4833,85.95,297.62,75,71,1.25,IN,1697419661
542,lisakovsk,52.5369,62.4936,282.03,85,69,5.78,KZ,1697419661
543,silchar,24.8167,92.8,295.74,87,0,1.36,IN,1697419661
544,mpulungu,-8.7623,31.1141,296.14,84,100,1.93,ZM,1697419662
545,altamira,-3.2033,-52.2064,298.19,79,89,1.36,BR,1697419662
546,nema,57.5067,50.5011,284.24,91,100,5.37,RU,1697419663
547,troitskoye,52.9821,84.6757,278.27,91,97,3.83,RU,1697419663
548,toropets,56.4978,31.6353,280.14,78,100,3.79,RU,1697419663
549,rmi capitol,7.0893,171.3805,304.12,70,100,1.54,MH,1697419664
550,port hedland,-20.3167,118.5667,310.18,6,0,10.29,AU,1697419580
551,saint-joseph,-21.3667,55.6167,295.36,85,54,0.39,RE,1697419664
552,cinisi,38.1562,13.1073,295.85,71,0,5.14,IT,1697419664
553,eksere,36.8134,31.9997,286.78,64,1,1.77,TR,1697419664
554,manokwari,-0.8667,134.0833,301.81,70,95,1.91,ID,1697419665
555,belyy yar,53.6039,91.3903,279.09,81,0,5.0,RU,1697419665
556,umm ruwaba,12.9061,31.2158,303.73,32,100,3.46,SD,1697419665
557,nadym,65.5333,72.5167,273.41,77,100,6.1,RU,1697419665
558,plastun,44.7561,136.2939,280.42,61,28,3.13,RU,1697419666
559,aripuana,-9.1667,-60.6333,299.52,63,19,0.56,BR,1697419666
560,mersing,2.4312,103.8405,301.1,83,20,2.06,MY,1697419666
561,picui,-6.5106,-36.3469,294.72,80,46,9.44,BR,1697419666
562,guerrero negro,27.9769,-114.0611,295.3,69,0,5.92,MX,1697419667
563,olovyannaya,50.95,115.5667,277.84,40,67,3.82,RU,1697419667
564,naracoorte,-36.9579,140.7383,286.41,46,99,7.79,AU,1697419667
565,yacuiba,-22.038,-63.6797,304.94,28,92,5.97,BO,1697419667
566,gamba,-2.65,10.0,297.9,85,100,1.75,GA,1697419668
567,hammerfest,70.6634,23.6821,277.4,93,100,7.2,NO,1697419668
568,leca da palmeira,41.191,-8.7003,293.2,93,75,5.66,PT,1697419668
569,brezina,33.0989,1.2608,291.67,32,0,1.13,DZ,1697419668
570,nova sintra,14.8667,-24.7167,297.96,71,93,5.13,CV,1697419668
571,los llanos de aridane,28.6585,-17.9182,298.77,30,0,2.24,ES,1697419669
572,beyneu,45.3167,55.2,282.32,58,0,5.78,KZ,1697419669
573,axim,4.8699,-2.2405,298.18,90,100,3.64,GH,1697419669
574,gilgit,35.9221,74.3087,286.65,68,100,0.99,PK,1697419669
575,muisne,0.6,-80.0333,297.56,85,85,2.06,EC,1697419669
576,cill airne,52.05,-9.5167,280.5,85,100,1.87,IE,1697419670
577,denison,33.7557,-96.5367,288.12,64,0,3.6,US,1697419670
578,ivanivka,46.7208,34.553,285.01,93,2,2.85,UA,1697419670
